kind,condition,exposure,method,earliness,earliness_ci95,steps_saved,steps_saved_ci95,n
compositional,ambiguous,exposed,association_only,6.0,0.0,2.0,0.0,10
compositional,ambiguous,exposed,clustering,9.0,0.0,0.0,0.0,10
compositional,ambiguous,exposed,delta_only,6.5,0.6952019510772304,1.6,0.5001817684001294,10
compositional,ambiguous,exposed,frequency,9.0,0.0,0.0,0.0,10
compositional,ambiguous,exposed,mdi,6.0,0.0,2.0,0.0,10
compositional,ambiguous,exposed,mdi_decay0,6.0,0.0,2.0,0.0,10
compositional,ambiguous,exposed,mdi_decay020,6.0,0.0,2.0,0.0,10
compositional,ambiguous,exposed,mdi_original,6.0,0.0,2.0,0.0,10
compositional,ambiguous,exposed,mdi_reset,9.0,0.0,0.0,0.0,10
compositional,ambiguous,exposed,mdi_with_delta,6.0,0.0,2.0,0.0,10
compositional,ambiguous,exposed,predicate_match,6.0,0.0,2.0,0.0,10
compositional,ambiguous,exposed,random,9.0,0.0,0.0,0.0,10
compositional,ambiguous,exposed,recurrence,6.4,0.5001817684001294,1.6,0.5001817684001294,10
compositional,ambiguous,exposed,similarity,9.0,0.0,0.0,0.0,10
compositional,ambiguous,holdout,association_only,6.0,0.0,2.0,0.0,10
compositional,ambiguous,holdout,clustering,9.0,0.0,0.0,0.0,10
compositional,ambiguous,holdout,delta_only,6.8,0.8793686396787984,1.4,0.6032419100944263,10
compositional,ambiguous,holdout,frequency,9.0,0.0,0.0,0.0,10
compositional,ambiguous,holdout,mdi,6.0,0.0,2.0,0.0,10
compositional,ambiguous,holdout,mdi_decay0,6.0,0.0,2.0,0.0,10
compositional,ambiguous,holdout,mdi_decay020,6.0,0.0,2.0,0.0,10
compositional,ambiguous,holdout,mdi_original,6.0,0.0,2.0,0.0,10
compositional,ambiguous,holdout,mdi_reset,9.0,0.0,0.0,0.0,10
compositional,ambiguous,holdout,mdi_with_delta,6.0,0.0,2.0,0.0,10
compositional,ambiguous,holdout,predicate_match,6.0,0.0,2.0,0.0,10
compositional,ambiguous,holdout,random,9.0,0.0,0.0,0.0,10
compositional,ambiguous,holdout,recurrence,9.0,0.0,0.0,0.0,10
compositional,ambiguous,holdout,similarity,9.0,0.0,0.0,0.0,10
compositional,clear,exposed,association_only,2.0,0.0,6.0,0.0,10
compositional,clear,exposed,clustering,9.0,0.0,0.0,0.0,10
compositional,clear,exposed,delta_only,6.9,1.6674620133611173,1.5,1.4005901475056768,10
compositional,clear,exposed,frequency,9.0,0.0,0.0,0.0,10
compositional,clear,exposed,mdi,2.0,0.0,6.0,0.0,10
compositional,clear,exposed,mdi_decay0,2.0,0.0,6.0,0.0,10
compositional,clear,exposed,mdi_decay020,2.0,0.0,6.0,0.0,10
compositional,clear,exposed,mdi_original,2.0,0.0,6.0,0.0,10
compositional,clear,exposed,mdi_reset,9.0,0.0,0.0,0.0,10
compositional,clear,exposed,mdi_with_delta,4.7,2.5020453605060284,3.6,2.216452306789844,10
compositional,clear,exposed,predicate_match,2.0,0.0,6.0,0.0,10
compositional,clear,exposed,random,9.0,0.0,0.0,0.0,10
compositional,clear,exposed,recurrence,2.1,0.22621571628540987,5.9,0.22621571628540987,10
compositional,clear,exposed,similarity,9.0,0.0,0.0,0.0,10
compositional,clear,holdout,association_only,2.0,0.0,6.0,0.0,10
compositional,clear,holdout,clustering,9.0,0.0,0.0,0.0,10
compositional,clear,holdout,delta_only,5.8,2.206167089776345,2.6,1.8836222605448596,10
compositional,clear,holdout,frequency,9.0,0.0,0.0,0.0,10
compositional,clear,holdout,mdi,2.0,0.0,6.0,0.0,10
compositional,clear,holdout,mdi_decay0,2.0,0.0,6.0,0.0,10
compositional,clear,holdout,mdi_decay020,2.0,0.0,6.0,0.0,10
compositional,clear,holdout,mdi_original,2.0,0.0,6.0,0.0,10
compositional,clear,holdout,mdi_reset,9.0,0.0,0.0,0.0,10
compositional,clear,holdout,mdi_with_delta,2.9,1.597808362943857,5.2,1.382200857688727,10
compositional,clear,holdout,predicate_match,2.0,0.0,6.0,0.0,10
compositional,clear,holdout,random,9.0,0.0,0.0,0.0,10
compositional,clear,holdout,recurrence,9.0,0.0,0.0,0.0,10
compositional,clear,holdout,similarity,9.0,0.0,0.0,0.0,10
compositional,detour,exposed,association_only,6.9,2.4188515009552725,1.8,2.0733012865330904,10
compositional,detour,exposed,clustering,9.0,0.0,0.0,0.0,10
compositional,detour,exposed,delta_only,5.9,2.4188515009552725,2.4,2.216452306789844,10
compositional,detour,exposed,frequency,9.0,0.0,0.0,0.0,10
compositional,detour,exposed,mdi,5.4,2.57263402723578,3.0,2.262157162854099,10
compositional,detour,exposed,mdi_decay0,4.8,2.5858610245881515,3.6,2.216452306789844,10
compositional,detour,exposed,mdi_decay020,7.4,2.0567806942761484,1.2,1.809725730283279,10
compositional,detour,exposed,mdi_original,6.9,2.4188515009552725,1.8,2.0733012865330904,10
compositional,detour,exposed,mdi_reset,9.0,0.0,0.0,0.0,10
compositional,detour,exposed,mdi_with_delta,7.4,2.0567806942761484,1.2,1.809725730283279,10
compositional,detour,exposed,predicate_match,6.5,2.243226644581692,1.8,2.0733012865330904,10
compositional,detour,exposed,random,9.0,0.0,0.0,0.0,10
compositional,detour,exposed,recurrence,3.9,1.950359087935535,4.2,1.809725730283279,10
compositional,detour,exposed,similarity,9.0,0.0,0.0,0.0,10
compositional,detour,holdout,association_only,7.5,2.0856058532316912,1.2,1.809725730283279,10
compositional,detour,holdout,clustering,9.0,0.0,0.0,0.0,10
compositional,detour,holdout,delta_only,5.9,2.4188515009552725,2.4,2.216452306789844,10
compositional,detour,holdout,frequency,9.0,0.0,0.0,0.0,10
compositional,detour,holdout,mdi,7.4,2.0567806942761484,1.2,1.809725730283279,10
compositional,detour,holdout,mdi_decay0,5.4,2.57263402723578,3.0,2.262157162854099,10
compositional,detour,holdout,mdi_decay020,7.4,2.0567806942761484,1.2,1.809725730283279,10
compositional,detour,holdout,mdi_original,7.9,1.633006602971286,0.8,1.3822008576887272,10
compositional,detour,holdout,mdi_reset,9.0,0.0,0.0,0.0,10
compositional,detour,holdout,mdi_with_delta,7.4,2.0567806942761484,1.2,1.809725730283279,10
compositional,detour,holdout,predicate_match,6.5,2.243226644581692,1.8,2.0733012865330904,10
compositional,detour,holdout,random,9.0,0.0,0.0,0.0,10
compositional,detour,holdout,recurrence,9.0,0.0,0.0,0.0,10
compositional,detour,holdout,similarity,9.0,0.0,0.0,0.0,10
compositional,null,exposed,association_only,9.0,0.0,0.0,0.0,10
compositional,null,exposed,clustering,9.0,0.0,0.0,0.0,10
compositional,null,exposed,delta_only,9.0,0.0,0.0,0.0,10
compositional,null,exposed,frequency,9.0,0.0,0.0,0.0,10
compositional,null,exposed,mdi,9.0,0.0,0.0,0.0,10
compositional,null,exposed,mdi_decay0,9.0,0.0,0.0,0.0,10
compositional,null,exposed,mdi_decay020,9.0,0.0,0.0,0.0,10
compositional,null,exposed,mdi_original,9.0,0.0,0.0,0.0,10
compositional,null,exposed,mdi_reset,9.0,0.0,0.0,0.0,10
compositional,null,exposed,mdi_with_delta,9.0,0.0,0.0,0.0,10
compositional,null,exposed,predicate_match,9.0,0.0,0.0,0.0,10
compositional,null,exposed,random,9.0,0.0,0.0,0.0,10
compositional,null,exposed,recurrence,9.0,0.0,0.0,0.0,10
compositional,null,exposed,similarity,9.0,0.0,0.0,0.0,10
compositional,null,holdout,association_only,9.0,0.0,0.0,0.0,10
compositional,null,holdout,clustering,9.0,0.0,0.0,0.0,10
compositional,null,holdout,delta_only,9.0,0.0,0.0,0.0,10
compositional,null,holdout,frequency,9.0,0.0,0.0,0.0,10
compositional,null,holdout,mdi,9.0,0.0,0.0,0.0,10
compositional,null,holdout,mdi_decay0,9.0,0.0,0.0,0.0,10
compositional,null,holdout,mdi_decay020,9.0,0.0,0.0,0.0,10
compositional,null,holdout,mdi_original,9.0,0.0,0.0,0.0,10
compositional,null,holdout,mdi_reset,9.0,0.0,0.0,0.0,10
compositional,null,holdout,mdi_with_delta,9.0,0.0,0.0,0.0,10
compositional,null,holdout,predicate_match,9.0,0.0,0.0,0.0,10
compositional,null,holdout,random,9.0,0.0,0.0,0.0,10
compositional,null,holdout,recurrence,9.0,0.0,0.0,0.0,10
compositional,null,holdout,similarity,9.0,0.0,0.0,0.0,10
compositional,switch,exposed,association_only,7.6,0.5001817684001294,0.5,0.3770261938090165,10
compositional,switch,exposed,clustering,9.0,0.0,0.0,0.0,10
compositional,switch,exposed,delta_only,9.0,0.0,0.0,0.0,10
compositional,switch,exposed,frequency,9.0,0.0,0.0,0.0,10
compositional,switch,exposed,mdi,7.0,0.0,1.0,0.0,10
compositional,switch,exposed,mdi_decay0,8.0,0.0,0.0,0.0,10
compositional,switch,exposed,mdi_decay020,6.3,0.34555021442218176,1.7,0.34555021442218176,10
compositional,switch,exposed,mdi_original,8.1,0.7113715997370755,0.3,0.4828291119451135,10
compositional,switch,exposed,mdi_reset,9.0,0.0,0.0,0.0,10
compositional,switch,exposed,mdi_with_delta,8.3,0.4828291119451136,0.1,0.22621571628540987,10
compositional,switch,exposed,predicate_match,7.0,0.0,1.0,0.0,10
compositional,switch,exposed,random,9.0,0.0,0.0,0.0,10
compositional,switch,exposed,recurrence,8.3,0.4828291119451136,0.1,0.22621571628540987,10
compositional,switch,exposed,similarity,9.0,0.0,0.0,0.0,10
compositional,switch,holdout,association_only,7.9,0.6263629556878302,0.4,0.3694087177983074,10
compositional,switch,holdout,clustering,9.0,0.0,0.0,0.0,10
compositional,switch,holdout,delta_only,9.0,0.0,0.0,0.0,10
compositional,switch,holdout,frequency,9.0,0.0,0.0,0.0,10
compositional,switch,holdout,mdi,7.1,0.22621571628540987,0.9,0.22621571628540987,10
compositional,switch,holdout,mdi_decay0,8.1,0.22621571628540987,0.0,0.0,10
compositional,switch,holdout,mdi_decay020,6.5,0.3770261938090165,1.5,0.3770261938090165,10
compositional,switch,holdout,mdi_original,8.3,0.4828291119451135,0.1,0.22621571628540987,10
compositional,switch,holdout,mdi_reset,9.0,0.0,0.0,0.0,10
compositional,switch,holdout,mdi_with_delta,8.3,0.5889337416010381,0.2,0.3016209550472132,10
compositional,switch,holdout,predicate_match,7.0,0.0,1.0,0.0,10
compositional,switch,holdout,random,9.0,0.0,0.0,0.0,10
compositional,switch,holdout,recurrence,9.0,0.0,0.0,0.0,10
compositional,switch,holdout,similarity,9.0,0.0,0.0,0.0,10
distributional,ambiguous,exposed,association_only,6.0,0.0,2.0,0.0,10
distributional,ambiguous,exposed,clustering,9.0,0.0,0.0,0.0,10
distributional,ambiguous,exposed,delta_only,6.6,0.9048628651416395,1.6,0.6032419100944263,10
distributional,ambiguous,exposed,frequency,9.0,0.0,0.0,0.0,10
distributional,ambiguous,exposed,mdi,6.1,0.22621571628540987,1.9,0.22621571628540987,10
distributional,ambiguous,exposed,mdi_decay0,6.2,0.30162095504721315,1.8,0.3016209550472132,10
distributional,ambiguous,exposed,mdi_decay020,6.0,0.0,2.0,0.0,10
distributional,ambiguous,exposed,mdi_original,9.0,0.0,0.0,0.0,10
distributional,ambiguous,exposed,mdi_reset,9.0,0.0,0.0,0.0,10
distributional,ambiguous,exposed,mdi_with_delta,6.0,0.0,2.0,0.0,10
distributional,ambiguous,exposed,predicate_match,6.0,0.0,2.0,0.0,10
distributional,ambiguous,exposed,random,9.0,0.0,0.0,0.0,10
distributional,ambiguous,exposed,recurrence,6.2,0.30162095504721315,1.8,0.3016209550472132,10
distributional,ambiguous,exposed,similarity,9.0,0.0,0.0,0.0,10
distributional,ambiguous,holdout,association_only,6.0,0.0,2.0,0.0,10
distributional,ambiguous,holdout,clustering,9.0,0.0,0.0,0.0,10
distributional,ambiguous,holdout,delta_only,6.6,0.9048628651416395,1.6,0.6032419100944263,10
distributional,ambiguous,holdout,frequency,9.0,0.0,0.0,0.0,10
distributional,ambiguous,holdout,mdi,6.1,0.22621571628540987,1.9,0.22621571628540987,10
distributional,ambiguous,holdout,mdi_decay0,6.1,0.22621571628540987,1.9,0.22621571628540987,10
distributional,ambiguous,holdout,mdi_decay020,6.0,0.0,2.0,0.0,10
distributional,ambiguous,holdout,mdi_original,9.0,0.0,0.0,0.0,10
distributional,ambiguous,holdout,mdi_reset,9.0,0.0,0.0,0.0,10
distributional,ambiguous,holdout,mdi_with_delta,6.0,0.0,2.0,0.0,10
distributional,ambiguous,holdout,predicate_match,6.0,0.0,2.0,0.0,10
distributional,ambiguous,holdout,random,9.0,0.0,0.0,0.0,10
distributional,ambiguous,holdout,recurrence,9.0,0.0,0.0,0.0,10
distributional,ambiguous,holdout,similarity,9.0,0.0,0.0,0.0,10
distributional,clear,exposed,association_only,2.0,0.0,6.0,0.0,10
distributional,clear,exposed,clustering,9.0,0.0,0.0,0.0,10
distributional,clear,exposed,delta_only,2.5,0.3770261938090165,5.5,0.3770261938090165,10
distributional,clear,exposed,frequency,9.0,0.0,0.0,0.0,10
distributional,clear,exposed,mdi,2.0,0.0,6.0,0.0,10
distributional,clear,exposed,mdi_decay0,2.0,0.0,6.0,0.0,10
distributional,clear,exposed,mdi_decay020,2.0,0.0,6.0,0.0,10
distributional,clear,exposed,mdi_original,8.7,0.6786471488562297,0.2,0.45243143257081975,10
distributional,clear,exposed,mdi_reset,9.0,0.0,0.0,0.0,10
distributional,clear,exposed,mdi_with_delta,2.0,0.0,6.0,0.0,10
distributional,clear,exposed,predicate_match,2.0,0.0,6.0,0.0,10
distributional,clear,exposed,random,9.0,0.0,0.0,0.0,10
distributional,clear,exposed,recurrence,2.0,0.0,6.0,0.0,10
distributional,clear,exposed,similarity,9.0,0.0,0.0,0.0,10
distributional,clear,holdout,association_only,2.0,0.0,6.0,0.0,10
distributional,clear,holdout,clustering,9.0,0.0,0.0,0.0,10
distributional,clear,holdout,delta_only,2.1,0.22621571628540987,5.9,0.22621571628540987,10
distributional,clear,holdout,frequency,9.0,0.0,0.0,0.0,10
distributional,clear,holdout,mdi,2.0,0.0,6.0,0.0,10
distributional,clear,holdout,mdi_decay0,2.0,0.0,6.0,0.0,10
distributional,clear,holdout,mdi_decay020,2.0,0.0,6.0,0.0,10
distributional,clear,holdout,mdi_original,9.0,0.0,0.0,0.0,10
distributional,clear,holdout,mdi_reset,9.0,0.0,0.0,0.0,10
distributional,clear,holdout,mdi_with_delta,2.0,0.0,6.0,0.0,10
distributional,clear,holdout,predicate_match,2.0,0.0,6.0,0.0,10
distributional,clear,holdout,random,9.0,0.0,0.0,0.0,10
distributional,clear,holdout,recurrence,9.0,0.0,0.0,0.0,10
distributional,clear,holdout,similarity,9.0,0.0,0.0,0.0,10
distributional,detour,exposed,association_only,2.0,0.0,6.0,0.0,10
distributional,detour,exposed,clustering,9.0,0.0,0.0,0.0,10
distributional,detour,exposed,delta_only,6.6,2.292120814930464,2.0,1.9371956590902764,10
distributional,detour,exposed,frequency,9.0,0.0,0.0,0.0,10
distributional,detour,exposed,mdi,2.0,0.0,6.0,0.0,10
distributional,detour,exposed,mdi_decay0,2.0,0.0,6.0,0.0,10
distributional,detour,exposed,mdi_decay020,2.0,0.0,6.0,0.0,10
distributional,detour,exposed,mdi_original,9.0,0.0,0.0,0.0,10
distributional,detour,exposed,mdi_reset,9.0,0.0,0.0,0.0,10
distributional,detour,exposed,mdi_with_delta,2.0,0.0,6.0,0.0,10
distributional,detour,exposed,predicate_match,2.0,0.0,6.0,0.0,10
distributional,detour,exposed,random,9.0,0.0,0.0,0.0,10
distributional,detour,exposed,recurrence,2.6,1.3572942977124594,5.4,1.3572942977124594,10
distributional,detour,exposed,similarity,9.0,0.0,0.0,0.0,10
distributional,detour,holdout,association_only,2.0,0.0,6.0,0.0,10
distributional,detour,holdout,clustering,9.0,0.0,0.0,0.0,10
distributional,detour,holdout,delta_only,6.4,2.412967640377705,2.2,2.0456928469555926,10
distributional,detour,holdout,frequency,9.0,0.0,0.0,0.0,10
distributional,detour,holdout,mdi,2.0,0.0,6.0,0.0,10
distributional,detour,holdout,mdi_decay0,2.0,0.0,6.0,0.0,10
distributional,detour,holdout,mdi_decay020,2.0,0.0,6.0,0.0,10
distributional,detour,holdout,mdi_original,9.0,0.0,0.0,0.0,10
distributional,detour,holdout,mdi_reset,9.0,0.0,0.0,0.0,10
distributional,detour,holdout,mdi_with_delta,2.0,0.0,6.0,0.0,10
distributional,detour,holdout,predicate_match,2.0,0.0,6.0,0.0,10
distributional,detour,holdout,random,9.0,0.0,0.0,0.0,10
distributional,detour,holdout,recurrence,9.0,0.0,0.0,0.0,10
distributional,detour,holdout,similarity,9.0,0.0,0.0,0.0,10
distributional,null,exposed,association_only,9.0,0.0,0.0,0.0,10
distributional,null,exposed,clustering,9.0,0.0,0.0,0.0,10
distributional,null,exposed,delta_only,9.0,0.0,0.0,0.0,10
distributional,null,exposed,frequency,9.0,0.0,0.0,0.0,10
distributional,null,exposed,mdi,9.0,0.0,0.0,0.0,10
distributional,null,exposed,mdi_decay0,9.0,0.0,0.0,0.0,10
distributional,null,exposed,mdi_decay020,9.0,0.0,0.0,0.0,10
distributional,null,exposed,mdi_original,9.0,0.0,0.0,0.0,10
distributional,null,exposed,mdi_reset,9.0,0.0,0.0,0.0,10
distributional,null,exposed,mdi_with_delta,9.0,0.0,0.0,0.0,10
distributional,null,exposed,predicate_match,9.0,0.0,0.0,0.0,10
distributional,null,exposed,random,9.0,0.0,0.0,0.0,10
distributional,null,exposed,recurrence,9.0,0.0,0.0,0.0,10
distributional,null,exposed,similarity,9.0,0.0,0.0,0.0,10
distributional,null,holdout,association_only,9.0,0.0,0.0,0.0,10
distributional,null,holdout,clustering,9.0,0.0,0.0,0.0,10
distributional,null,holdout,delta_only,9.0,0.0,0.0,0.0,10
distributional,null,holdout,frequency,9.0,0.0,0.0,0.0,10
distributional,null,holdout,mdi,9.0,0.0,0.0,0.0,10
distributional,null,holdout,mdi_decay0,9.0,0.0,0.0,0.0,10
distributional,null,holdout,mdi_decay020,9.0,0.0,0.0,0.0,10
distributional,null,holdout,mdi_original,9.0,0.0,0.0,0.0,10
distributional,null,holdout,mdi_reset,9.0,0.0,0.0,0.0,10
distributional,null,holdout,mdi_with_delta,9.0,0.0,0.0,0.0,10
distributional,null,holdout,predicate_match,9.0,0.0,0.0,0.0,10
distributional,null,holdout,random,9.0,0.0,0.0,0.0,10
distributional,null,holdout,recurrence,9.0,0.0,0.0,0.0,10
distributional,null,holdout,similarity,9.0,0.0,0.0,0.0,10
distributional,switch,exposed,association_only,7.4,0.36940871779830725,0.6,0.3694087177983074,10
distributional,switch,exposed,clustering,9.0,0.0,0.0,0.0,10
distributional,switch,exposed,delta_only,9.0,0.0,0.0,0.0,10
distributional,switch,exposed,frequency,9.0,0.0,0.0,0.0,10
distributional,switch,exposed,mdi,7.1,0.22621571628540987,0.9,0.22621571628540987,10
distributional,switch,exposed,mdi_decay0,7.9,0.22621571628540987,0.1,0.22621571628540987,10
distributional,switch,exposed,mdi_decay020,6.1,0.22621571628540987,1.9,0.22621571628540987,10
distributional,switch,exposed,mdi_original,9.0,0.0,0.0,0.0,10
distributional,switch,exposed,mdi_reset,9.0,0.0,0.0,0.0,10
distributional,switch,exposed,mdi_with_delta,8.4,0.36940871779830725,0.0,0.0,10
distributional,switch,exposed,predicate_match,7.9,0.22621571628540987,0.1,0.22621571628540987,10
distributional,switch,exposed,random,9.0,0.0,0.0,0.0,10
distributional,switch,exposed,recurrence,8.8,0.30162095504721315,0.0,0.0,10
distributional,switch,exposed,similarity,9.0,0.0,0.0,0.0,10
distributional,switch,holdout,association_only,7.9,0.40606963805363755,0.2,0.3016209550472132,10
distributional,switch,holdout,clustering,9.0,0.0,0.0,0.0,10
distributional,switch,holdout,delta_only,9.0,0.0,0.0,0.0,10
distributional,switch,holdout,frequency,9.0,0.0,0.0,0.0,10
distributional,switch,holdout,mdi,7.4,0.36940871779830725,0.6,0.3694087177983074,10
distributional,switch,holdout,mdi_decay0,7.9,0.22621571628540987,0.1,0.22621571628540987,10
distributional,switch,holdout,mdi_decay020,6.1,0.22621571628540987,1.9,0.22621571628540987,10
distributional,switch,holdout,mdi_original,9.0,0.0,0.0,0.0,10
distributional,switch,holdout,mdi_reset,9.0,0.0,0.0,0.0,10
distributional,switch,holdout,mdi_with_delta,8.6,0.5001817684001294,0.1,0.22621571628540987,10
distributional,switch,holdout,predicate_match,7.9,0.22621571628540987,0.1,0.22621571628540987,10
distributional,switch,holdout,random,9.0,0.0,0.0,0.0,10
distributional,switch,holdout,recurrence,9.0,0.0,0.0,0.0,10
distributional,switch,holdout,similarity,9.0,0.0,0.0,0.0,10
structural,ambiguous,exposed,association_only,6.0,0.0,2.0,0.0,10
structural,ambiguous,exposed,clustering,9.0,0.0,0.0,0.0,10
structural,ambiguous,exposed,delta_only,6.6,0.9048628651416395,1.6,0.6032419100944264,10
structural,ambiguous,exposed,frequency,9.0,0.0,0.0,0.0,10
structural,ambiguous,exposed,mdi,6.0,0.0,2.0,0.0,10
structural,ambiguous,exposed,mdi_decay0,6.0,0.0,2.0,0.0,10
structural,ambiguous,exposed,mdi_decay020,6.0,0.0,2.0,0.0,10
structural,ambiguous,exposed,mdi_original,6.0,0.0,2.0,0.0,10
structural,ambiguous,exposed,mdi_reset,9.0,0.0,0.0,0.0,10
structural,ambiguous,exposed,mdi_with_delta,6.0,0.0,2.0,0.0,10
structural,ambiguous,exposed,predicate_match,6.0,0.0,2.0,0.0,10
structural,ambiguous,exposed,random,9.0,0.0,0.0,0.0,10
structural,ambiguous,exposed,recurrence,6.3,0.34555021442218176,1.7,0.34555021442218176,10
structural,ambiguous,exposed,similarity,9.0,0.0,0.0,0.0,10
structural,ambiguous,holdout,association_only,6.0,0.0,2.0,0.0,10
structural,ambiguous,holdout,clustering,9.0,0.0,0.0,0.0,10
structural,ambiguous,holdout,delta_only,6.3,0.6786471488562297,1.8,0.45243143257081975,10
structural,ambiguous,holdout,frequency,9.0,0.0,0.0,0.0,10
structural,ambiguous,holdout,mdi,6.0,0.0,2.0,0.0,10
structural,ambiguous,holdout,mdi_decay0,6.0,0.0,2.0,0.0,10
structural,ambiguous,holdout,mdi_decay020,6.0,0.0,2.0,0.0,10
structural,ambiguous,holdout,mdi_original,6.1,0.22621571628540987,1.9,0.22621571628540987,10
structural,ambiguous,holdout,mdi_reset,9.0,0.0,0.0,0.0,10
structural,ambiguous,holdout,mdi_with_delta,6.6,0.9048628651416395,1.6,0.6032419100944264,10
structural,ambiguous,holdout,predicate_match,6.0,0.0,2.0,0.0,10
structural,ambiguous,holdout,random,9.0,0.0,0.0,0.0,10
structural,ambiguous,holdout,recurrence,9.0,0.0,0.0,0.0,10
structural,ambiguous,holdout,similarity,9.0,0.0,0.0,0.0,10
structural,clear,exposed,association_only,2.0,0.0,6.0,0.0,10
structural,clear,exposed,clustering,9.0,0.0,0.0,0.0,10
structural,clear,exposed,delta_only,2.0,0.0,6.0,0.0,10
structural,clear,exposed,frequency,9.0,0.0,0.0,0.0,10
structural,clear,exposed,mdi,2.0,0.0,6.0,0.0,10
structural,clear,exposed,mdi_decay0,2.0,0.0,6.0,0.0,10
structural,clear,exposed,mdi_decay020,2.0,0.0,6.0,0.0,10
structural,clear,exposed,mdi_original,2.0,0.0,6.0,0.0,10
structural,clear,exposed,mdi_reset,9.0,0.0,0.0,0.0,10
structural,clear,exposed,mdi_with_delta,2.0,0.0,6.0,0.0,10
structural,clear,exposed,predicate_match,2.0,0.0,6.0,0.0,10
structural,clear,exposed,random,9.0,0.0,0.0,0.0,10
structural,clear,exposed,recurrence,2.1,0.22621571628540987,5.9,0.22621571628540987,10
structural,clear,exposed,similarity,9.0,0.0,0.0,0.0,10
structural,clear,holdout,association_only,2.0,0.0,6.0,0.0,10
structural,clear,holdout,clustering,9.0,0.0,0.0,0.0,10
structural,clear,holdout,delta_only,2.0,0.0,6.0,0.0,10
structural,clear,holdout,frequency,9.0,0.0,0.0,0.0,10
structural,clear,holdout,mdi,2.0,0.0,6.0,0.0,10
structural,clear,holdout,mdi_decay0,2.0,0.0,6.0,0.0,10
structural,clear,holdout,mdi_decay020,2.0,0.0,6.0,0.0,10
structural,clear,holdout,mdi_original,2.1,0.22621571628540987,5.9,0.22621571628540987,10
structural,clear,holdout,mdi_reset,9.0,0.0,0.0,0.0,10
structural,clear,holdout,mdi_with_delta,2.0,0.0,6.0,0.0,10
structural,clear,holdout,predicate_match,2.0,0.0,6.0,0.0,10
structural,clear,holdout,random,9.0,0.0,0.0,0.0,10
structural,clear,holdout,recurrence,9.0,0.0,0.0,0.0,10
structural,clear,holdout,similarity,9.0,0.0,0.0,0.0,10
structural,detour,exposed,association_only,2.0,0.0,6.0,0.0,10
structural,detour,exposed,clustering,9.0,0.0,0.0,0.0,10
structural,detour,exposed,delta_only,3.4,2.111346685330492,4.8,1.809725730283279,10
structural,detour,exposed,frequency,9.0,0.0,0.0,0.0,10
structural,detour,exposed,mdi,2.0,0.0,6.0,0.0,10
structural,detour,exposed,mdi_decay0,2.0,0.0,6.0,0.0,10
structural,detour,exposed,mdi_decay020,2.0,0.0,6.0,0.0,10
structural,detour,exposed,mdi_original,2.0,0.0,6.0,0.0,10
structural,detour,exposed,mdi_reset,9.0,0.0,0.0,0.0,10
structural,detour,exposed,mdi_with_delta,2.7,1.5835100139978693,5.4,1.3572942977124594,10
structural,detour,exposed,predicate_match,2.0,0.0,6.0,0.0,10
structural,detour,exposed,random,9.0,0.0,0.0,0.0,10
structural,detour,exposed,recurrence,2.9,1.4484873358353405,5.1,1.4484873358353405,10
structural,detour,exposed,similarity,9.0,0.0,0.0,0.0,10
structural,detour,holdout,association_only,2.0,0.0,6.0,0.0,10
structural,detour,holdout,clustering,9.0,0.0,0.0,0.0,10
structural,detour,holdout,delta_only,2.7,1.5835100139978693,5.4,1.3572942977124594,10
structural,detour,holdout,frequency,9.0,0.0,0.0,0.0,10
structural,detour,holdout,mdi,2.0,0.0,6.0,0.0,10
structural,detour,holdout,mdi_decay0,2.0,0.0,6.0,0.0,10
structural,detour,holdout,mdi_decay020,2.0,0.0,6.0,0.0,10
structural,detour,holdout,mdi_original,2.9,1.4484873358353405,5.1,1.4484873358353407,10
structural,detour,holdout,mdi_reset,9.0,0.0,0.0,0.0,10
structural,detour,holdout,mdi_with_delta,4.8,2.5858610245881515,3.6,2.216452306789844,10
structural,detour,holdout,predicate_match,2.0,0.0,6.0,0.0,10
structural,detour,holdout,random,9.0,0.0,0.0,0.0,10
structural,detour,holdout,recurrence,9.0,0.0,0.0,0.0,10
structural,detour,holdout,similarity,9.0,0.0,0.0,0.0,10
structural,null,exposed,association_only,9.0,0.0,0.0,0.0,10
structural,null,exposed,clustering,9.0,0.0,0.0,0.0,10
structural,null,exposed,delta_only,9.0,0.0,0.0,0.0,10
structural,null,exposed,frequency,9.0,0.0,0.0,0.0,10
structural,null,exposed,mdi,9.0,0.0,0.0,0.0,10
structural,null,exposed,mdi_decay0,9.0,0.0,0.0,0.0,10
structural,null,exposed,mdi_decay020,9.0,0.0,0.0,0.0,10
structural,null,exposed,mdi_original,9.0,0.0,0.0,0.0,10
structural,null,exposed,mdi_reset,9.0,0.0,0.0,0.0,10
structural,null,exposed,mdi_with_delta,9.0,0.0,0.0,0.0,10
structural,null,exposed,predicate_match,9.0,0.0,0.0,0.0,10
structural,null,exposed,random,9.0,0.0,0.0,0.0,10
structural,null,exposed,recurrence,9.0,0.0,0.0,0.0,10
structural,null,exposed,similarity,9.0,0.0,0.0,0.0,10
structural,null,holdout,association_only,9.0,0.0,0.0,0.0,10
structural,null,holdout,clustering,9.0,0.0,0.0,0.0,10
structural,null,holdout,delta_only,9.0,0.0,0.0,0.0,10
structural,null,holdout,frequency,9.0,0.0,0.0,0.0,10
structural,null,holdout,mdi,9.0,0.0,0.0,0.0,10
structural,null,holdout,mdi_decay0,9.0,0.0,0.0,0.0,10
structural,null,holdout,mdi_decay020,9.0,0.0,0.0,0.0,10
structural,null,holdout,mdi_original,9.0,0.0,0.0,0.0,10
structural,null,holdout,mdi_reset,9.0,0.0,0.0,0.0,10
structural,null,holdout,mdi_with_delta,9.0,0.0,0.0,0.0,10
structural,null,holdout,predicate_match,9.0,0.0,0.0,0.0,10
structural,null,holdout,random,9.0,0.0,0.0,0.0,10
structural,null,holdout,recurrence,9.0,0.0,0.0,0.0,10
structural,null,holdout,similarity,9.0,0.0,0.0,0.0,10
structural,switch,exposed,association_only,7.9,0.22621571628540987,0.1,0.22621571628540987,10
structural,switch,exposed,clustering,9.0,0.0,0.0,0.0,10
structural,switch,exposed,delta_only,9.0,0.0,0.0,0.0,10
structural,switch,exposed,frequency,9.0,0.0,0.0,0.0,10
structural,switch,exposed,mdi,7.3,0.34555021442218176,0.7,0.34555021442218176,10
structural,switch,exposed,mdi_decay0,8.0,0.0,0.0,0.0,10
structural,switch,exposed,mdi_decay020,6.3,0.34555021442218176,1.7,0.34555021442218176,10
structural,switch,exposed,mdi_original,7.9,0.40606963805363755,0.2,0.3016209550472132,10
structural,switch,exposed,mdi_reset,9.0,0.0,0.0,0.0,10
structural,switch,exposed,mdi_with_delta,9.0,0.0,0.0,0.0,10
structural,switch,exposed,predicate_match,7.8,0.30162095504721315,0.2,0.3016209550472132,10
structural,switch,exposed,random,9.0,0.0,0.0,0.0,10
structural,switch,exposed,recurrence,8.4,0.6032419100944263,0.2,0.3016209550472132,10
structural,switch,exposed,similarity,9.0,0.0,0.0,0.0,10
structural,switch,holdout,association_only,7.9,0.22621571628540987,0.1,0.22621571628540987,10
structural,switch,holdout,clustering,9.0,0.0,0.0,0.0,10
structural,switch,holdout,delta_only,9.0,0.0,0.0,0.0,10
structural,switch,holdout,frequency,9.0,0.0,0.0,0.0,10
structural,switch,holdout,mdi,7.3,0.34555021442218176,0.7,0.34555021442218176,10
structural,switch,holdout,mdi_decay0,8.0,0.0,0.0,0.0,10
structural,switch,holdout,mdi_decay020,6.2,0.30162095504721315,1.8,0.30162095504721315,10
structural,switch,holdout,mdi_original,8.2,0.45243143257081975,0.1,0.22621571628540987,10
structural,switch,holdout,mdi_reset,9.0,0.0,0.0,0.0,10
structural,switch,holdout,mdi_with_delta,9.0,0.0,0.0,0.0,10
structural,switch,holdout,predicate_match,7.8,0.30162095504721315,0.2,0.3016209550472132,10
structural,switch,holdout,random,9.0,0.0,0.0,0.0,10
structural,switch,holdout,recurrence,9.0,0.0,0.0,0.0,10
structural,switch,holdout,similarity,9.0,0.0,0.0,0.0,10
