kind,condition,exposure,baseline,difference,ci95
compositional,ambiguous,exposed,mdi_original,-0.03999999999999998,0.06263629556878302
compositional,ambiguous,holdout,mdi_original,0.05499999999999998,0.05949372988282913
compositional,clear,exposed,mdi_original,-0.10999999999999996,0.05791986290822427
compositional,clear,holdout,mdi_original,-0.08499999999999998,0.04783926094926254
compositional,detour,exposed,mdi_original,-0.03000000000000001,0.04828291119451134
compositional,detour,holdout,mdi_original,0.015000000000000008,0.033932357442811485
compositional,null,exposed,mdi_original,0.009999999999999998,0.050018176840012946
compositional,null,holdout,mdi_original,0.004999999999999982,0.04282194397214669
compositional,switch,exposed,mdi_original,0.27,0.05385011157546034
compositional,switch,holdout,mdi_original,0.32,0.04828291119451132
distributional,ambiguous,exposed,mdi_original,0.8099999999999999,0.0839677202297315
distributional,ambiguous,holdout,mdi_original,0.82,0.0926595086832112
distributional,clear,exposed,mdi_original,0.705,0.09751795439677675
distributional,clear,holdout,mdi_original,0.7749999999999999,0.07772594103495852
distributional,detour,exposed,mdi_original,0.6900000000000001,0.06486603906680423
distributional,detour,holdout,mdi_original,0.75,0.0983164027801656
distributional,null,exposed,mdi_original,0.39,0.05791986290822424
distributional,null,holdout,mdi_original,0.38,0.048282911194511356
distributional,switch,exposed,mdi_original,0.77,0.10144737334811316
distributional,switch,holdout,mdi_original,0.865,0.08769405578065122
structural,ambiguous,exposed,mdi_original,-0.04999999999999999,0.04461034085785037
structural,ambiguous,holdout,mdi_original,0.045000000000000005,0.03131814778439151
structural,clear,exposed,mdi_original,0.0,0.0
structural,clear,holdout,mdi_original,0.0,0.0
structural,detour,exposed,mdi_original,0.03500000000000003,0.06754979571591213
structural,detour,holdout,mdi_original,0.12999999999999998,0.041983860114865726
structural,null,exposed,mdi_original,0.0,0.0
structural,null,holdout,mdi_original,0.0,0.0
structural,switch,exposed,mdi_original,0.16499999999999995,0.06541159988584007
structural,switch,holdout,mdi_original,0.255,0.08337310066805587
compositional,ambiguous,exposed,mdi_with_delta,0.08500000000000005,0.06091044570804567
compositional,ambiguous,holdout,mdi_with_delta,0.13999999999999999,0.07310809141785257
compositional,clear,exposed,mdi_with_delta,0.24000000000000005,0.11285622744582165
compositional,clear,holdout,mdi_with_delta,0.23000000000000007,0.08464217058436621
compositional,detour,exposed,mdi_with_delta,0.015000000000000013,0.024141455597255702
compositional,detour,holdout,mdi_with_delta,0.014999999999999996,0.03789066353685235
compositional,null,exposed,mdi_with_delta,0.06000000000000001,0.06702164221990092
compositional,null,holdout,mdi_with_delta,0.06499999999999999,0.047839260949262524
compositional,switch,exposed,mdi_with_delta,0.36999999999999994,0.061259505561163406
compositional,switch,holdout,mdi_with_delta,0.35000000000000003,0.07153569059883398
distributional,ambiguous,exposed,mdi_with_delta,0.09999999999999999,0.06952019510772303
distributional,ambiguous,holdout,mdi_with_delta,0.065,0.047839260949262545
distributional,clear,exposed,mdi_with_delta,-0.015000000000000003,0.017277510721109092
distributional,clear,holdout,mdi_with_delta,-0.004999999999999993,0.020303481902681886
distributional,detour,exposed,mdi_with_delta,0.09000000000000001,0.04060696380536378
distributional,detour,holdout,mdi_with_delta,0.11499999999999999,0.04476938001062118
distributional,null,exposed,mdi_with_delta,0.03,0.0511423211738898
distributional,null,holdout,mdi_with_delta,0.039999999999999994,0.028214056861455398
distributional,switch,exposed,mdi_with_delta,0.29,0.06032419100944261
distributional,switch,holdout,mdi_with_delta,0.36,0.10770022315092066
structural,ambiguous,exposed,mdi_with_delta,0.13,0.0776344448984343
structural,ambiguous,holdout,mdi_with_delta,0.16,0.06032419100944262
structural,clear,exposed,mdi_with_delta,0.010000000000000009,0.01508104775236067
structural,clear,holdout,mdi_with_delta,0.0050000000000000044,0.011310785814270504
structural,detour,exposed,mdi_with_delta,0.19500000000000006,0.057054416075662424
structural,detour,holdout,mdi_with_delta,0.2899999999999999,0.06032419100944264
structural,null,exposed,mdi_with_delta,0.009999999999999998,0.02262157162854098
structural,null,holdout,mdi_with_delta,0.025000000000000005,0.04539996571433347
structural,switch,exposed,mdi_with_delta,0.47000000000000003,0.06353758354890783
structural,switch,holdout,mdi_with_delta,0.505,0.07043430558720785
compositional,ambiguous,exposed,association_only,-0.11499999999999995,0.047839260949262545
compositional,ambiguous,holdout,association_only,-0.039999999999999994,0.03694087177983075
compositional,clear,exposed,association_only,-0.14999999999999997,0.05331955566546181
compositional,clear,holdout,association_only,-0.12999999999999998,0.04524314325708199
compositional,detour,exposed,association_only,-0.0050000000000000044,0.042821943972146705
compositional,detour,holdout,association_only,-0.010000000000000009,0.01508104775236067
compositional,null,exposed,association_only,-0.02,0.04198386011486573
compositional,null,holdout,association_only,-0.03,0.030162095504721306
compositional,switch,exposed,association_only,0.13999999999999999,0.05791986290822424
compositional,switch,holdout,association_only,0.20000000000000004,0.05058337191929828
distributional,ambiguous,exposed,association_only,-0.03500000000000001,0.0696223556258885
distributional,ambiguous,holdout,association_only,-0.015000000000000013,0.024141455597255675
distributional,clear,exposed,association_only,-0.009999999999999986,0.015081047752360636
distributional,clear,holdout,association_only,0.009999999999999986,0.022621571628540983
distributional,detour,exposed,association_only,0.009999999999999998,0.05541130766974611
distributional,detour,holdout,association_only,0.05499999999999997,0.03556857998685376
distributional,null,exposed,association_only,-0.009999999999999992,0.04060696380536375
distributional,null,holdout,association_only,0.02,0.02500908842000648
distributional,switch,exposed,association_only,0.07,0.045243143257081966
distributional,switch,holdout,association_only,0.135,0.0696223556258885
structural,ambiguous,exposed,association_only,-0.06499999999999999,0.037890663536852325
structural,ambiguous,holdout,association_only,0.0,0.0
structural,clear,exposed,association_only,0.0,0.0
structural,clear,holdout,association_only,0.0,0.0
structural,detour,exposed,association_only,-0.04499999999999997,0.0460219120331815
structural,detour,holdout,association_only,0.04000000000000002,0.015081047752360669
structural,null,exposed,association_only,0.0,0.0
structural,null,holdout,association_only,0.0,0.0
structural,switch,exposed,association_only,0.13999999999999996,0.0527836671332623
structural,switch,holdout,association_only,0.215,0.04783926094926257
compositional,ambiguous,exposed,mdi_reset,0.51,0.0787253805050809
compositional,ambiguous,holdout,mdi_reset,0.575,0.08801765118194879
compositional,clear,exposed,mdi_reset,0.45499999999999996,0.10039096788558366
compositional,clear,holdout,mdi_reset,0.4800000000000001,0.10953243615043368
compositional,detour,exposed,mdi_reset,0.195,0.10985640147236701
compositional,detour,holdout,mdi_reset,0.21000000000000002,0.1090120890928815
compositional,null,exposed,mdi_reset,0.1,0.06079364704696508
compositional,null,holdout,mdi_reset,0.1,0.09538092079844532
compositional,switch,exposed,mdi_reset,0.5800000000000001,0.08464217058436621
compositional,switch,holdout,mdi_reset,0.595,0.07242436679176702
distributional,ambiguous,exposed,mdi_reset,0.43,0.08793686396787984
distributional,ambiguous,holdout,mdi_reset,0.44499999999999995,0.11114282003842674
distributional,clear,exposed,mdi_reset,0.515,0.06754979571591212
distributional,clear,holdout,mdi_reset,0.51,0.06702164221990091
distributional,detour,exposed,mdi_reset,0.4800000000000001,0.0812139276107275
distributional,detour,holdout,mdi_reset,0.5050000000000001,0.08671602457607377
distributional,null,exposed,mdi_reset,0.010000000000000004,0.09204382406636305
distributional,null,holdout,mdi_reset,-5.551115123125783e-18,0.07349593547325141
distributional,switch,exposed,mdi_reset,0.5000000000000001,0.07726737690876265
distributional,switch,holdout,mdi_reset,0.54,0.08051076348728783
structural,ambiguous,exposed,mdi_reset,0.43499999999999994,0.037890663536852325
structural,ambiguous,holdout,mdi_reset,0.5,0.0
structural,clear,exposed,mdi_reset,0.5,0.0
structural,clear,holdout,mdi_reset,0.5,0.0
structural,detour,exposed,mdi_reset,0.4050000000000001,0.03936269025254042
structural,detour,holdout,mdi_reset,0.495,0.011310785814270504
structural,null,exposed,mdi_reset,0.0,0.0
structural,null,holdout,mdi_reset,0.0,0.0
structural,switch,exposed,mdi_reset,0.45,0.04130115022390257
structural,switch,holdout,mdi_reset,0.48,0.025009088420006473
compositional,ambiguous,exposed,recurrence,0.255,0.08671602457607376
compositional,ambiguous,holdout,recurrence,0.72,0.09418111302724297
compositional,clear,exposed,recurrence,0.050000000000000024,0.07540523876180333
compositional,clear,holdout,recurrence,0.625,0.06584479402316086
compositional,detour,exposed,recurrence,-0.044999999999999984,0.07043430558720785
compositional,detour,holdout,recurrence,0.355,0.07989041814719286
compositional,null,exposed,recurrence,0.22000000000000003,0.06786471488562296
compositional,null,holdout,recurrence,0.24499999999999997,0.06627515673523318
compositional,switch,exposed,recurrence,0.395,0.08506098645467265
compositional,switch,holdout,recurrence,0.74,0.08225740415878822
distributional,ambiguous,exposed,recurrence,0.030000000000000006,0.10421211331944055
distributional,ambiguous,holdout,recurrence,0.66,0.09656582238902271
distributional,clear,exposed,recurrence,-0.08499999999999998,0.06091044570804565
distributional,clear,holdout,recurrence,0.725,0.07953376271374363
distributional,detour,exposed,recurrence,0.09500000000000001,0.09304224269020574
distributional,detour,holdout,recurrence,0.72,0.10003635368002589
distributional,null,exposed,recurrence,0.145,0.06627515673523317
distributional,null,holdout,recurrence,0.215,0.060910445708045644
distributional,switch,exposed,recurrence,0.35,0.071535690598834
distributional,switch,holdout,recurrence,0.755,0.07436118884757446
structural,ambiguous,exposed,recurrence,0.3,0.10393894872557
structural,ambiguous,holdout,recurrence,0.86,0.040606963805363765
structural,clear,exposed,recurrence,0.08,0.0588933741601038
structural,clear,holdout,recurrence,0.86,0.040606963805363765
structural,detour,exposed,recurrence,0.16000000000000003,0.0805107634872878
structural,detour,holdout,recurrence,0.8550000000000001,0.042821943972146705
structural,null,exposed,recurrence,0.255,0.05705441607566246
structural,null,holdout,recurrence,0.36,0.04060696380536377
structural,switch,exposed,recurrence,0.44000000000000006,0.1103083544888172
structural,switch,holdout,recurrence,0.8400000000000001,0.04396843198393992
compositional,ambiguous,exposed,predicate_match,-0.020000000000000028,0.06573676311525133
compositional,ambiguous,holdout,predicate_match,0.04499999999999995,0.07242436679176702
compositional,clear,exposed,predicate_match,0.030000000000000027,0.08464217058436624
compositional,clear,holdout,predicate_match,0.055000000000000035,0.05949372988282918
compositional,detour,exposed,predicate_match,-0.03,0.045243143257081966
compositional,detour,holdout,predicate_match,-0.015000000000000013,0.03789066353685235
compositional,null,exposed,predicate_match,0.215,0.03789066353685235
compositional,null,holdout,predicate_match,0.215,0.05345268834627583
compositional,switch,exposed,predicate_match,0.04499999999999995,0.07436118884757448
compositional,switch,holdout,predicate_match,0.05999999999999996,0.06032419100944261
distributional,ambiguous,exposed,predicate_match,0.10000000000000005,0.10116674383859656
distributional,ambiguous,holdout,predicate_match,0.11500000000000003,0.09982298048220058
distributional,clear,exposed,predicate_match,-0.09999999999999999,0.047690460399222645
distributional,clear,holdout,predicate_match,-0.10499999999999998,0.061836893494153375
distributional,detour,exposed,predicate_match,-0.13499999999999998,0.06091044570804565
distributional,detour,holdout,predicate_match,-0.10999999999999999,0.09048628651416392
distributional,null,exposed,predicate_match,0.12500000000000003,0.08303140619475578
distributional,null,holdout,predicate_match,0.11499999999999999,0.037890663536852345
distributional,switch,exposed,predicate_match,-0.11499999999999999,0.06320110677819657
distributional,switch,holdout,predicate_match,-0.07499999999999998,0.05655392907135245
structural,ambiguous,exposed,predicate_match,0.23000000000000007,0.06353758354890779
structural,ambiguous,holdout,predicate_match,0.29500000000000004,0.07043430558720787
structural,clear,exposed,predicate_match,0.0,0.0
structural,clear,holdout,predicate_match,0.0,0.0
structural,detour,exposed,predicate_match,-0.09499999999999997,0.03936269025254041
structural,detour,holdout,predicate_match,-0.0050000000000000044,0.011310785814270504
structural,null,exposed,predicate_match,0.27,0.06353758354890779
structural,null,holdout,predicate_match,0.27,0.06353758354890779
structural,switch,exposed,predicate_match,-0.05000000000000001,0.04130115022390258
structural,switch,holdout,predicate_match,-0.020000000000000007,0.025009088420006473
compositional,ambiguous,exposed,random,0.72,0.07763444489843432
compositional,ambiguous,holdout,random,0.7849999999999999,0.08769405578065123
compositional,clear,exposed,random,0.665,0.08095095683631578
compositional,clear,holdout,random,0.6900000000000001,0.0768985567747116
compositional,detour,exposed,random,0.40499999999999997,0.08337310066805587
compositional,detour,holdout,random,0.41999999999999993,0.08464217058436621
compositional,null,exposed,random,0.30999999999999994,0.06911004288443635
compositional,null,holdout,random,0.30999999999999994,0.06263629556878302
compositional,switch,exposed,random,0.79,0.0805107634872878
compositional,switch,holdout,random,0.805,0.07043430558720784
distributional,ambiguous,exposed,random,0.6649999999999999,0.07917550069989347
distributional,ambiguous,holdout,random,0.68,0.09567852189852508
distributional,clear,exposed,random,0.75,0.07726737690876265
distributional,clear,holdout,random,0.745,0.0899347759298409
distributional,detour,exposed,random,0.7150000000000001,0.08268829974277671
distributional,detour,holdout,random,0.74,0.09357544042319985
distributional,null,exposed,random,0.24500000000000002,0.07436118884757449
distributional,null,holdout,random,0.23499999999999996,0.07917550069989347
distributional,switch,exposed,random,0.735,0.07359257711325339
distributional,switch,holdout,random,0.7749999999999999,0.0957527776504074
structural,ambiguous,exposed,random,0.8150000000000001,0.0696223556258885
structural,ambiguous,holdout,random,0.8800000000000001,0.03844927838735581
structural,clear,exposed,random,0.8800000000000001,0.03844927838735581
structural,clear,holdout,random,0.8800000000000001,0.03844927838735581
structural,detour,exposed,random,0.7849999999999999,0.06091044570804563
structural,detour,holdout,random,0.875,0.03039682352348253
structural,null,exposed,random,0.38,0.03844927838735581
structural,null,holdout,random,0.38,0.03844927838735581
structural,switch,exposed,random,0.8299999999999998,0.04524314325708195
structural,switch,holdout,random,0.86,0.036940871779830735
